phage_id,phage_def,host,flag,phage_organism,phage_kingdom,phage_phylum,phage_class,phage_order,phage_family,phage_genus,phage_species,host_kingdom,host_phylum,host_class,host_order,host_family,host_genus,host_species
KF598856,Staphylococcus phage YMC/09/04/R1988,methicillin-resistant Staphylococcus aureus YMC/09/04/R1988,validate2,Staphylococcus phage YMC/09/04/R1988,Viruses,Uroviricota,Caudoviricetes,Caudovirales,Siphoviridae,Triavirus,Staphylococcus phage YMC/09/04/R1988,,,,,,methicillin-resistant,methicillin-resistant staphylococcus
NC_021801,"Staphylococcus phage SA12, complete genome.",Staphylococcus aureus,train,Staphylococcus phage SA12,Viruses,Uroviricota,Caudoviricetes,Caudovirales,Siphoviridae,Phietavirus,Staphylococcus phage SA12,Bacteria,Firmicutes,Bacilli,Bacillales,Staphylococcaceae,Staphylococcus,Staphylococcus aureus
NC_022758,"Staphylococcus phage YMC/09/04/R1988, complete genome.",Staphylococcus aureus,train,Staphylococcus phage YMC/09/04/R1988,Viruses,Uroviricota,Caudoviricetes,Caudovirales,Siphoviridae,Triavirus,Staphylococcus phage YMC/09/04/R1988,Bacteria,Firmicutes,Bacilli,Bacillales,Staphylococcaceae,Staphylococcus,Staphylococcus aureus
NC_021773,"Staphylococcus phage JS01, complete genome.",Staphylococcus aureus,train,Staphylococcus phage JS01,Viruses,Uroviricota,Caudoviricetes,Caudovirales,Siphoviridae,Biseptimavirus,Staphylococcus phage JS01,Bacteria,Firmicutes,Bacilli,Bacillales,Staphylococcaceae,Staphylococcus,Staphylococcus aureus
NC_023009,"Staphylococcus phage Sb-1, complete genome.",Staphylococcus aureus,train,Staphylococcus phage Sb-1,Viruses,Uroviricota,Caudoviricetes,Caudovirales,Herelleviridae,Kayvirus,Staphylococcus virus Sb1,Bacteria,Firmicutes,Bacilli,Bacillales,Staphylococcaceae,Staphylococcus,Staphylococcus aureus
NC_023499,"Staphylococcus phage StauST398-4, complete genome.",Staphylococcus aureus,train,Staphylococcus phage StauST398-4,Viruses,Uroviricota,Caudoviricetes,Caudovirales,Siphoviridae,Biseptimavirus,Staphylococcus phage StauST398-4,Bacteria,Firmicutes,Bacilli,Bacillales,Staphylococcaceae,Staphylococcus,Staphylococcus aureus
NC_023500,"Staphylococcus phage StauST398-5, complete genome.",Staphylococcus aureus,train,Staphylococcus phage StauST398-5,Viruses,Uroviricota,Caudoviricetes,Caudovirales,Siphoviridae,Phietavirus,Staphylococcus phage StauST398-5,Bacteria,Firmicutes,Bacilli,Bacillales,Staphylococcaceae,Staphylococcus,Staphylococcus aureus
NC_023573,"Staphylococcus phage phiSA012 DNA, complete genome.",Staphylococcus aureus,train,Staphylococcus phage phiSA12,Viruses,Uroviricota,Caudoviricetes,Caudovirales,Herelleviridae,Kayvirus,Staphylococcus virus SA12,Bacteria,Firmicutes,Bacilli,Bacillales,Staphylococcaceae,Staphylococcus,Staphylococcus aureus
NC_005880,"Staphylococcus phage K, complete genome.",Staphylococcus aureus,train,Staphylococcus virus K,Viruses,Uroviricota,Caudoviricetes,Caudovirales,Herelleviridae,Kayvirus,Staphylococcus virus K,Bacteria,Firmicutes,Bacilli,Bacillales,Staphylococcaceae,Staphylococcus,Staphylococcus aureus
NC_024391,"Staphylococcus phage DW2, complete genome.",Staphylococcus aureus,train,Staphylococcus phage DW2,Viruses,Uroviricota,Caudoviricetes,Caudovirales,Siphoviridae,Phietavirus,Staphylococcus phage DW2,Bacteria,Firmicutes,Bacilli,Bacillales,Staphylococcaceae,Staphylococcus,Staphylococcus aureus
NC_002486,"Staphylococcus prophage phiPV83, complete genome.",Staphylococcus aureus,train,Staphylococcus prophage phiPV83,Viruses,Uroviricota,Caudoviricetes,Caudovirales,Siphoviridae,Biseptimavirus,Staphylococcus prophage phiPV83,Bacteria,Firmicutes,Bacilli,Bacillales,Staphylococcaceae,Staphylococcus,Staphylococcus aureus
NC_002661,"Staphylococcus phage phiSLT, complete genome.",Staphylococcus aureus,train,Staphylococcus virus phiSLT,Viruses,Uroviricota,Caudoviricetes,Caudovirales,Siphoviridae,Triavirus,Staphylococcus virus phiSLT,Bacteria,Firmicutes,Bacilli,Bacillales,Staphylococcaceae,Staphylococcus,Staphylococcus aureus
NC_003288,"Staphylococcus phage phiETA, complete genome.",Staphylococcus aureus,train,Staphylococcus virus phiETA (Bacteriophage phi ETA),Viruses,Uroviricota,Caudoviricetes,Caudovirales,Siphoviridae,Phietavirus,Staphylococcus virus phiETA,Bacteria,Firmicutes,Bacilli,Bacillales,Staphylococcaceae,Staphylococcus,Staphylococcus aureus
NC_004615,"Staphylococcus phage 11, complete genome.",Staphylococcus aureus,train,Staphylococcus phage 11,Viruses,Uroviricota,Caudoviricetes,Caudovirales,Siphoviridae,Phietavirus,Staphylococcus virus 11,Bacteria,Firmicutes,Bacilli,Bacillales,Staphylococcaceae,Staphylococcus,Staphylococcus aureus
NC_004616,"Staphylococcus prophage phi 12, complete genome.",Staphylococcus aureus,train,Staphylococcus virus phi12,Viruses,Uroviricota,Caudoviricetes,Caudovirales,Siphoviridae,Triavirus,Staphylococcus virus phi12,Bacteria,Firmicutes,Bacilli,Bacillales,Staphylococcaceae,Staphylococcus,Staphylococcus aureus
NC_004617,"Staphylococcus prophage phi 13, complete genome.",Staphylococcus aureus,train,Staphylococcus virus 13,Viruses,Uroviricota,Caudoviricetes,Caudovirales,Siphoviridae,Biseptimavirus,Staphylococcus virus 13,Bacteria,Firmicutes,Bacilli,Bacillales,Staphylococcaceae,Staphylococcus,Staphylococcus aureus
NC_004679,"Staphylococcus phage phiP68, complete genome.",Staphylococcus aureus,train,Staphylococcus phage P68,Viruses,Uroviricota,Caudoviricetes,Caudovirales,Podoviridae,Rosenblumvirus,Staphylococcus phage P68,Bacteria,Firmicutes,Bacilli,Bacillales,Staphylococcaceae,Staphylococcus,Staphylococcus aureus
NC_005356,"Staphylococcus phage 77, complete genome.",Staphylococcus aureus,train,Staphylococcus virus 77,Viruses,Uroviricota,Caudoviricetes,Caudovirales,Siphoviridae,Biseptimavirus,Staphylococcus virus 77,Bacteria,Firmicutes,Bacilli,Bacillales,Staphylococcaceae,Staphylococcus,Staphylococcus aureus
NC_002321,"Staphylococcus prophage PVL, complete genome.",Staphylococcus aureus,train,Staphylococcus phage PVL,Viruses,Uroviricota,Caudoviricetes,Caudovirales,Siphoviridae,Biseptimavirus,Staphylococcus phage PVL,Bacteria,Firmicutes,Bacilli,Bacillales,Staphylococcaceae,Staphylococcus,Staphylococcus aureus
NC_004740,"Staphylococcus prophage phiN315, complete genome.",Staphylococcus aureus,train,Staphylococcus phage phiN315,Viruses,Uroviricota,Caudoviricetes,Caudovirales,Siphoviridae,,Staphylococcus phage phiN315,Bacteria,Firmicutes,Bacilli,Bacillales,Staphylococcaceae,Staphylococcus,Staphylococcus aureus
NC_007021,"Staphylococcus phage Twort, complete genome.",Staphylococcus aureus,train,Staphylococcus phage Twort,Viruses,Uroviricota,Caudoviricetes,Caudovirales,Herelleviridae,Twortvirus,Staphylococcus virus Twort,Bacteria,Firmicutes,Bacilli,Bacillales,Staphylococcaceae,Staphylococcus,Staphylococcus aureus
NC_007050,"Staphylococcus phage 85, complete genome.",Staphylococcus aureus,train,Staphylococcus virus 85,Viruses,Uroviricota,Caudoviricetes,Caudovirales,Siphoviridae,Phietavirus,Staphylococcus virus 85,Bacteria,Firmicutes,Bacilli,Bacillales,Staphylococcaceae,Staphylococcus,Staphylococcus aureus
NC_007066,"Staphylococcus phage G1, complete genome.",Staphylococcus aureus,train,Staphylococcus virus G1,Viruses,Uroviricota,Caudoviricetes,Caudovirales,Herelleviridae,Kayvirus,Staphylococcus virus G1,Bacteria,Firmicutes,Bacilli,Bacillales,Staphylococcaceae,Staphylococcus,Staphylococcus aureus
NC_007045,"Staphylococcus phage PT1028, complete genome.",Staphylococcus aureus,train,Staphylococcus phage PT1028,Viruses,,,,,,Staphylococcus phage PT1028,Bacteria,Firmicutes,Bacilli,Bacillales,Staphylococcaceae,Staphylococcus,Staphylococcus aureus
NC_007046,"Staphylococcus phage 66, complete genome.",Staphylococcus aureus,train,Staphylococcus phage 66,Viruses,Uroviricota,Caudoviricetes,Caudovirales,Podoviridae,Rosenblumvirus,Staphylococcus virus 66,Bacteria,Firmicutes,Bacilli,Bacillales,Staphylococcaceae,Staphylococcus,Staphylococcus aureus
NC_007048,"Staphylococcus phage 69, complete genome.",Staphylococcus aureus,train,Staphylococcus virus 69,Viruses,Uroviricota,Caudoviricetes,Caudovirales,Siphoviridae,Phietavirus,Staphylococcus virus 69,Bacteria,Firmicutes,Bacilli,Bacillales,Staphylococcaceae,Staphylococcus,Staphylococcus aureus
NC_007049,"Staphylococcus phage 53, complete genome.",Staphylococcus aureus,train,Staphylococcus virus 53,Viruses,Uroviricota,Caudoviricetes,Caudovirales,Siphoviridae,Phietavirus,Staphylococcus virus 53,Bacteria,Firmicutes,Bacilli,Bacillales,Staphylococcaceae,Staphylococcus,Staphylococcus aureus
NC_007051,"Staphylococcus phage 2638A, complete genome.",Staphylococcus aureus,train,Staphylococcus phage 2638A,Viruses,Uroviricota,Caudoviricetes,Caudovirales,Siphoviridae,Fibralongavirus,Staphylococcus virus 2638A,Bacteria,Firmicutes,Bacilli,Bacillales,Staphylococcaceae,Staphylococcus,Staphylococcus aureus
NC_007052,"Staphylococcus phage 42e, complete genome.",Staphylococcus aureus,train,Staphylococcus virus 42e,Viruses,Uroviricota,Caudoviricetes,Caudovirales,Siphoviridae,Triavirus,Staphylococcus virus 42e,Bacteria,Firmicutes,Bacilli,Bacillales,Staphylococcaceae,Staphylococcus,Staphylococcus aureus
NC_007053,"Staphylococcus phage 3A, complete genome.",Staphylococcus aureus,train,Staphylococcus virus 3a (3A),Viruses,Uroviricota,Caudoviricetes,Caudovirales,Siphoviridae,Triavirus,Staphylococcus virus 3a,Bacteria,Firmicutes,Bacilli,Bacillales,Staphylococcaceae,Staphylococcus,Staphylococcus aureus
NC_007054,"Staphylococcus phage 47, complete genome.",Staphylococcus aureus,train,Staphylococcus virus 47,Viruses,Uroviricota,Caudoviricetes,Caudovirales,Siphoviridae,Triavirus,Staphylococcus virus 47,Bacteria,Firmicutes,Bacilli,Bacillales,Staphylococcaceae,Staphylococcus,Staphylococcus aureus
NC_007055,"Staphylococcus phage 37, complete genome.",Staphylococcus aureus,train,Staphylococcus virus 37,Viruses,Uroviricota,Caudoviricetes,Caudovirales,Siphoviridae,Phietavirus,Staphylococcus virus 37,Bacteria,Firmicutes,Bacilli,Bacillales,Staphylococcaceae,Staphylococcus,Staphylococcus aureus
NC_007056,"Staphylococcus phage EW, complete genome.",Staphylococcus aureus,train,Staphylococcus virus EW,Viruses,Uroviricota,Caudoviricetes,Caudovirales,Siphoviridae,Phietavirus,Staphylococcus virus EW,Bacteria,Firmicutes,Bacilli,Bacillales,Staphylococcaceae,Staphylococcus,Staphylococcus aureus
NC_007057,"Staphylococcus phage 96, complete genome.",Staphylococcus aureus,train,Staphylococcus virus 96,Viruses,Uroviricota,Caudoviricetes,Caudovirales,Siphoviridae,Phietavirus,Staphylococcus virus 96,Bacteria,Firmicutes,Bacilli,Bacillales,Staphylococcaceae,Staphylococcus,Staphylococcus aureus
NC_007058,"Staphylococcus phage ROSA, complete genome.",Staphylococcus aureus,train,Staphylococcus phage ROSA,Viruses,Uroviricota,Caudoviricetes,Caudovirales,Siphoviridae,Phietavirus,Staphylococcus phage ROSA,Bacteria,Firmicutes,Bacilli,Bacillales,Staphylococcaceae,Staphylococcus,Staphylococcus aureus
NC_007059,"Staphylococcus phage 71, complete genome.",Staphylococcus aureus,train,Staphylococcus virus 71,Viruses,Uroviricota,Caudoviricetes,Caudovirales,Siphoviridae,Phietavirus,Staphylococcus virus 71,Bacteria,Firmicutes,Bacilli,Bacillales,Staphylococcaceae,Staphylococcus,Staphylococcus aureus
NC_007060,"Staphylococcus phage 55, complete genome.",Staphylococcus aureus,train,Staphylococcus virus 55,Viruses,Uroviricota,Caudoviricetes,Caudovirales,Siphoviridae,Phietavirus,Staphylococcus virus 55,Bacteria,Firmicutes,Bacilli,Bacillales,Staphylococcaceae,Staphylococcus,Staphylococcus aureus
NC_007061,"Staphylococcus phage 29, complete genome.",Staphylococcus aureus,train,Staphylococcus virus 29,Viruses,Uroviricota,Caudoviricetes,Caudovirales,Siphoviridae,Phietavirus,Staphylococcus virus 29,Bacteria,Firmicutes,Bacilli,Bacillales,Staphylococcaceae,Staphylococcus,Staphylococcus aureus
NC_007062,"Staphylococcus phage 52A, complete genome.",Staphylococcus aureus,train,Staphylococcus virus 52a,Viruses,Uroviricota,Caudoviricetes,Caudovirales,Siphoviridae,Phietavirus,Staphylococcus virus 52a,Bacteria,Firmicutes,Bacilli,Bacillales,Staphylococcaceae,Staphylococcus,Staphylococcus aureus
NC_007063,"Staphylococcus phage 88, complete genome.",Staphylococcus aureus,train,Staphylococcus virus 88,Viruses,Uroviricota,Caudoviricetes,Caudovirales,Siphoviridae,Phietavirus,Staphylococcus virus 88,Bacteria,Firmicutes,Bacilli,Bacillales,Staphylococcaceae,Staphylococcus,Staphylococcus aureus
NC_007064,"Staphylococcus phage 92, complete genome.",Staphylococcus aureus,train,Staphylococcus virus 92,Viruses,Uroviricota,Caudoviricetes,Caudovirales,Siphoviridae,Phietavirus,Staphylococcus virus 92,Bacteria,Firmicutes,Bacilli,Bacillales,Staphylococcaceae,Staphylococcus,Staphylococcus aureus
NC_007065,"Staphylococcus phage X2, complete genome.",Staphylococcus aureus,train,Staphylococcus virus X2,Viruses,Uroviricota,Caudoviricetes,Caudovirales,Siphoviridae,Phietavirus,Staphylococcus virus X2,Bacteria,Firmicutes,Bacilli,Bacillales,Staphylococcaceae,Staphylococcus,Staphylococcus aureus
NC_017968,"Staphylococcus phage TEM123, complete genome.",Staphylococcus aureus,train,Staphylococcus phage TEM123,Viruses,Uroviricota,Caudoviricetes,Caudovirales,Siphoviridae,Phietavirus,Staphylococcus phage TEM123,Bacteria,Firmicutes,Bacilli,Bacillales,Staphylococcaceae,Staphylococcus,Staphylococcus aureus
NC_008583,"Staphylococcus phage phiNM1, complete genome.",Staphylococcus aureus,train,Staphylococcus virus phiNM1,Viruses,Uroviricota,Caudoviricetes,Caudovirales,Siphoviridae,Phietavirus,Staphylococcus virus phiNM1,Bacteria,Firmicutes,Bacilli,Bacillales,Staphylococcaceae,Staphylococcus,Staphylococcus aureus
NC_008689,"Staphylococcus phage phiPVL108, complete genome.",Staphylococcus aureus,train,Staphylococcus virus 108PVL (Staphylococcus aureus bacteriophage phiPVL(108)),Viruses,Uroviricota,Caudoviricetes,Caudovirales,Siphoviridae,Biseptimavirus,Staphylococcus virus 108PVL,Bacteria,Firmicutes,Bacilli,Bacillales,Staphylococcaceae,Staphylococcus,Staphylococcus aureus
NC_008798,"Staphylococcus phage phiETA2, complete genome.",Staphylococcus aureus,train,Staphylococcus virus phiETA2,Viruses,Uroviricota,Caudoviricetes,Caudovirales,Siphoviridae,Phietavirus,Staphylococcus virus phiETA2,Bacteria,Firmicutes,Bacilli,Bacillales,Staphylococcaceae,Staphylococcus,Staphylococcus aureus
NC_008799,"Staphylococcus phage phiETA3, complete genome.",Staphylococcus aureus,train,Staphylococcus virus phiETA3,Viruses,Uroviricota,Caudoviricetes,Caudovirales,Siphoviridae,Phietavirus,Staphylococcus virus phiETA3,Bacteria,Firmicutes,Bacilli,Bacillales,Staphylococcaceae,Staphylococcus,Staphylococcus aureus
NC_009761,"Staphylococcus prophage tp310-1, complete genome.",Staphylococcus aureus,train,Staphylococcus phage tp310-1,Viruses,Firmicutes,Bacilli,Bacillales,Staphylococcaceae,Staphylococcus,Staphylococcus aureus,Bacteria,Firmicutes,Bacilli,Bacillales,Staphylococcaceae,Staphylococcus,Staphylococcus aureus
NC_009762,"Staphylococcus prophage tp310-2, complete genome.",Staphylococcus aureus,train,Staphylococcus phage tp310-2,Viruses,Firmicutes,Bacilli,Bacillales,Staphylococcaceae,Staphylococcus,Staphylococcus aureus,Bacteria,Firmicutes,Bacilli,Bacillales,Staphylococcaceae,Staphylococcus,Staphylococcus aureus
NC_009763,"Staphylococcus prophage tp310-3, complete genome.",Staphylococcus aureus,train,Staphylococcus phage tp310-3,Viruses,Firmicutes,Bacilli,Bacillales,Staphylococcaceae,Staphylococcus,Staphylococcus aureus,Bacteria,Firmicutes,Bacilli,Bacillales,Staphylococcaceae,Staphylococcus,Staphylococcus aureus
NC_009875,"Staphylococcus phage SAP-2, complete genome.",Staphylococcus aureus,train,Staphylococcus phage SAP-2,Viruses,Uroviricota,Caudoviricetes,Caudovirales,Podoviridae,Rosenblumvirus,Staphylococcus virus SAP2,Bacteria,Firmicutes,Bacilli,Bacillales,Staphylococcaceae,Staphylococcus,Staphylococcus aureus
NC_010147,"Staphylococcus phage phiMR11, complete genome.",Staphylococcus aureus,train,Staphylococcus virus phiMR11,Viruses,Uroviricota,Caudoviricetes,Caudovirales,Siphoviridae,Phietavirus,Staphylococcus virus phiMR11,Bacteria,Firmicutes,Bacilli,Bacillales,Staphylococcaceae,Staphylococcus,Staphylococcus aureus
NC_010808,"Staphylococcus phage phiMR25, complete genome.",Staphylococcus aureus,train,Staphylococcus virus phiMR25,Viruses,Uroviricota,Caudoviricetes,Caudovirales,Siphoviridae,Phietavirus,Staphylococcus virus phiMR25,Bacteria,Firmicutes,Bacilli,Bacillales,Staphylococcaceae,Staphylococcus,Staphylococcus aureus
NC_011344,"Staphylococcus phage phi2958PVL, complete genome.",Staphylococcus aureus,train,Staphylococcus phage phi2958PVL (phi2958PVL),Viruses,Uroviricota,Caudoviricetes,Caudovirales,Siphoviridae,Triavirus,Staphylococcus phage phi2958PVL,Bacteria,Firmicutes,Bacilli,Bacillales,Staphylococcaceae,Staphylococcus,Staphylococcus aureus
NC_011612,"Staphylococcus phage phiSauS-IPLA35, complete genome.",Staphylococcus aureus,train,Staphylococcus virus IPLA35,Viruses,Uroviricota,Caudoviricetes,Caudovirales,Siphoviridae,Triavirus,Staphylococcus virus IPLA35,Bacteria,Firmicutes,Bacilli,Bacillales,Staphylococcaceae,Staphylococcus,Staphylococcus aureus
NC_011614,"Staphylococcus phage phiSauS-IPLA88, complete genome.",Staphylococcus aureus,train,Staphylococcus virus IPLA88,Viruses,Uroviricota,Caudoviricetes,Caudovirales,Siphoviridae,Phietavirus,Staphylococcus virus IPLA88,Bacteria,Firmicutes,Bacilli,Bacillales,Staphylococcaceae,Staphylococcus,Staphylococcus aureus
NC_012784,"Staphylococcus phage phiPVL-CN125, complete genome.",Staphylococcus aureus,train,Staphylococcus phage phiPVL-CN125,Viruses,Uroviricota,Caudoviricetes,Caudovirales,Siphoviridae,Biseptimavirus,Staphylococcus phage phiPVL-CN125,Bacteria,Firmicutes,Bacilli,Bacillales,Staphylococcaceae,Staphylococcus,Staphylococcus aureus
NC_013195,"Staphylococcus phage P954, complete genome.",Staphylococcus aureus,train,Staphylococcus phage P954,Viruses,Uroviricota,Caudoviricetes,Caudovirales,Siphoviridae,Biseptimavirus,Staphylococcus phage P954,Bacteria,Firmicutes,Bacilli,Bacillales,Staphylococcaceae,Staphylococcus,Staphylococcus aureus
NC_014460,"Staphylococcus phage SAP-26, complete genome.",Staphylococcus aureus,train,Staphylococcus virus SAP26,Viruses,Uroviricota,Caudoviricetes,Caudovirales,Siphoviridae,Phietavirus,Staphylococcus virus SAP26,Bacteria,Firmicutes,Bacilli,Bacillales,Staphylococcaceae,Staphylococcus,Staphylococcus aureus
NC_016565,"Staphylococcus phage S24-1, complete genome.",Staphylococcus aureus,train,Staphylococcus phage S24-1,Viruses,Uroviricota,Caudoviricetes,Caudovirales,Podoviridae,Rosenblumvirus,Staphylococcus virus S24-1,Bacteria,Firmicutes,Bacilli,Bacillales,Staphylococcaceae,Staphylococcus,Staphylococcus aureus
NC_019448,"Staphylococcus phage GH15, complete genome.",Staphylococcus aureus,train,Staphylococcus phage GH15,Viruses,Uroviricota,Caudoviricetes,Caudovirales,Herelleviridae,Kayvirus,Staphylococcus virus G15,Bacteria,Firmicutes,Bacilli,Bacillales,Staphylococcaceae,Staphylococcus,Staphylococcus aureus
NC_019511,"Staphylococcus phage SA11, complete genome.",Staphylococcus aureus,train,Staphylococcus virus SA11,Viruses,Uroviricota,Caudoviricetes,Caudovirales,Herelleviridae,Silviavirus,Staphylococcus virus SA11,Bacteria,Firmicutes,Bacilli,Bacillales,Staphylococcaceae,Staphylococcus,Staphylococcus aureus
NC_019513,"Staphylococcus phage SMSAP5, complete genome.",Staphylococcus aureus,train,Staphylococcus phage SMSAP5,Viruses,Uroviricota,Caudoviricetes,Caudovirales,Siphoviridae,Triavirus,Staphylococcus phage SMSAP5,Bacteria,Firmicutes,Bacilli,Bacillales,Staphylococcaceae,Staphylococcus,Staphylococcus aureus
NC_019726,"Staphylococcus phage JD007, complete genome.",Staphylococcus aureus,train,Staphylococcus phage JD007,Viruses,Uroviricota,Caudoviricetes,Caudovirales,Herelleviridae,Kayvirus,Staphylococcus virus JD7,Bacteria,Firmicutes,Bacilli,Bacillales,Staphylococcaceae,Staphylococcus,Staphylococcus aureus
NC_004678,"Staphylococcus phage 44AHJD, complete genome.",Staphylococcus aureus,train,Staphylococcus virus 44AHJD (44AHJD),Viruses,Uroviricota,Caudoviricetes,Caudovirales,Podoviridae,Rosenblumvirus,Staphylococcus virus 44AHJD,Bacteria,Firmicutes,Bacilli,Bacillales,Staphylococcaceae,Staphylococcus,Staphylococcus aureus
NC_021326,"Staphylococcus phage StauST398-1, complete genome.",Staphylococcus aureus,train,Staphylococcus phage StauST398-1,Viruses,Uroviricota,Caudoviricetes,Caudovirales,Siphoviridae,Phietavirus,Staphylococcus phage StauST398-1,Bacteria,Firmicutes,Bacilli,Bacillales,Staphylococcaceae,Staphylococcus,Staphylococcus aureus
NC_021332,"Staphylococcus phage StauST398-3, complete genome.",Staphylococcus aureus,train,Staphylococcus phage StauST398-3,Viruses,Uroviricota,Caudoviricetes,Caudovirales,Siphoviridae,Phietavirus,Staphylococcus phage StauST398-3,Bacteria,Firmicutes,Bacilli,Bacillales,Staphylococcaceae,Staphylococcus,Staphylococcus aureus
NC_021323,"Staphylococcus phage StauST398-2, complete genome.",Staphylococcus aureus,train,Staphylococcus phage StauST398-2,Viruses,Uroviricota,Caudoviricetes,Caudovirales,Siphoviridae,Triavirus,Staphylococcus phage StauST398-2,Bacteria,Firmicutes,Bacilli,Bacillales,Staphylococcaceae,Staphylococcus,Staphylococcus aureus
NC_021863,"Staphylococcus phage SA13, complete genome.",Staphylococcus aureus,train,Staphylococcus phage SA13,Viruses,Uroviricota,Caudoviricetes,Caudovirales,Siphoviridae,Phietavirus,Staphylococcus phage SA13,Bacteria,Firmicutes,Bacilli,Bacillales,Staphylococcaceae,Staphylococcus,Staphylococcus aureus
AB626963,Staphylococcus phage S13',Staphylococcus aureus,validate1,Staphylococcus phage S13',Viruses,Uroviricota,Caudoviricetes,Caudovirales,Podoviridae,Rosenblumvirus,Staphylococcus phage S13',Bacteria,Firmicutes,Bacilli,Bacillales,Staphylococcaceae,Staphylococcus,Staphylococcus aureus
DQ530360,Staphylococcus aureus phage phiNM2,Staphylococcus aureus,validate1,Staphylococcus virus phiNM2,Viruses,Uroviricota,Caudoviricetes,Caudovirales,Siphoviridae,Phietavirus,Staphylococcus virus phiNM2,Bacteria,Firmicutes,Bacilli,Bacillales,Staphylococcaceae,Staphylococcus,Staphylococcus aureus
DQ530362,Staphylococcus aureus phage phiNM4,Staphylococcus aureus,validate1,Staphylococcus virus phiNM4,Viruses,Uroviricota,Caudoviricetes,Caudovirales,Siphoviridae,Phietavirus,Staphylococcus virus phiNM4,Bacteria,Firmicutes,Bacilli,Bacillales,Staphylococcaceae,Staphylococcus,Staphylococcus aureus
EF136587,Staphylococcus phage 812,Staphylococcus aureus,validate1,Staphylococcus phage 812,Viruses,Uroviricota,Caudoviricetes,Caudovirales,Herelleviridae,Kayvirus,Staphylococcus phage 812,Bacteria,Firmicutes,Bacilli,Bacillales,Staphylococcaceae,Staphylococcus,Staphylococcus aureus
EF136588,Staphylococcus phage 812,Staphylococcus aureus,validate1,Staphylococcus phage 812,Viruses,Uroviricota,Caudoviricetes,Caudovirales,Herelleviridae,Kayvirus,Staphylococcus phage 812,Bacteria,Firmicutes,Bacilli,Bacillales,Staphylococcaceae,Staphylococcus,Staphylococcus aureus
EF136589,Staphylococcus phage 812,Staphylococcus aureus,validate1,Staphylococcus phage 812,Viruses,Uroviricota,Caudoviricetes,Caudovirales,Herelleviridae,Kayvirus,Staphylococcus phage 812,Bacteria,Firmicutes,Bacilli,Bacillales,Staphylococcaceae,Staphylococcus,Staphylococcus aureus
EU418428,Staphylococcus phage A5W,Staphylococcus aureus,validate1,Staphylococcus phage A5W,Viruses,Uroviricota,Caudoviricetes,Caudovirales,Herelleviridae,Kayvirus,Staphylococcus virus G1,Bacteria,Firmicutes,Bacilli,Bacillales,Staphylococcaceae,Staphylococcus,Staphylococcus aureus
FR852584,Staphylococcus phage ISP,Staphylococcus aureus,validate1,Staphylococcus phage ISP,Viruses,Uroviricota,Caudoviricetes,Caudovirales,Herelleviridae,Kayvirus,Staphylococcus virus G1,Bacteria,Firmicutes,Bacilli,Bacillales,Staphylococcaceae,Staphylococcus,Staphylococcus aureus
GU169904,Staphylococcus phage SA1,Staphylococcus aureus,validate1,Staphylococcus phage SA1,Viruses,Uroviricota,Caudoviricetes,Caudovirales,Myoviridae,,Staphylococcus phage SA1,Bacteria,Firmicutes,Bacilli,Bacillales,Staphylococcaceae,Staphylococcus,Staphylococcus aureus
JX080300,Staphylococcus phage Staph1N,Staphylococcus aureus,validate1,Staphylococcus phage Staph1N,Viruses,Uroviricota,Caudoviricetes,Caudovirales,Herelleviridae,Kayvirus,Staphylococcus virus G1,Bacteria,Firmicutes,Bacilli,Bacillales,Staphylococcaceae,Staphylococcus,Staphylococcus aureus
JX080301,Staphylococcus phage A3R,Staphylococcus aureus,validate1,Staphylococcus phage A3R,Viruses,Uroviricota,Caudoviricetes,Caudovirales,Herelleviridae,Kayvirus,Staphylococcus virus G1,Bacteria,Firmicutes,Bacilli,Bacillales,Staphylococcaceae,Staphylococcus,Staphylococcus aureus
JX080302,Staphylococcus phage 676Z,Staphylococcus aureus,validate1,Staphylococcus phage 676Z,Viruses,Uroviricota,Caudoviricetes,Caudovirales,Herelleviridae,Kayvirus,Staphylococcus virus G1,Bacteria,Firmicutes,Bacilli,Bacillales,Staphylococcaceae,Staphylococcus,Staphylococcus aureus
JX080303,Staphylococcus phage Fi200W,Staphylococcus aureus,validate1,Staphylococcus phage Fi200W,Viruses,Uroviricota,Caudoviricetes,Caudovirales,Herelleviridae,Kayvirus,Staphylococcus virus G1,Bacteria,Firmicutes,Bacilli,Bacillales,Staphylococcaceae,Staphylococcus,Staphylococcus aureus
JX080304,Staphylococcus phage MSA6,Staphylococcus aureus,validate1,Staphylococcus phage MSA6,Viruses,Uroviricota,Caudoviricetes,Caudovirales,Herelleviridae,Kayvirus,Staphylococcus virus G1,Bacteria,Firmicutes,Bacilli,Bacillales,Staphylococcaceae,Staphylococcus,Staphylococcus aureus
JX080305,Staphylococcus phage P4W,Staphylococcus aureus,validate1,Staphylococcus phage P4W,Viruses,Uroviricota,Caudoviricetes,Caudovirales,Herelleviridae,Kayvirus,Staphylococcus virus G1,Bacteria,Firmicutes,Bacilli,Bacillales,Staphylococcaceae,Staphylococcus,Staphylococcus aureus
JX174275,Staphylococcus phage LH1,Staphylococcus aureus,validate1,Staphylococcus phage LH1,Viruses,Uroviricota,Caudoviricetes,Caudovirales,Siphoviridae,Triavirus,Staphylococcus phage LH1,Bacteria,Firmicutes,Bacilli,Bacillales,Staphylococcaceae,Staphylococcus,Staphylococcus aureus
JX274646,Staphylococcus phage SP5,Staphylococcus aureus,validate1,Staphylococcus phage SP5,Viruses,Uroviricota,Caudoviricetes,Caudovirales,Siphoviridae,Phietavirus,Staphylococcus phage SP5,Bacteria,Firmicutes,Bacilli,Bacillales,Staphylococcaceae,Staphylococcus,Staphylococcus aureus
JX274647,Staphylococcus phage SP6,Staphylococcus aureus,validate1,Staphylococcus phage SP6,Viruses,Uroviricota,Caudoviricetes,Caudovirales,Siphoviridae,Phietavirus,Staphylococcus phage SP6,Bacteria,Firmicutes,Bacilli,Bacillales,Staphylococcaceae,Staphylococcus,Staphylococcus aureus
JX875065,Staphylococcus phage SA5,Staphylococcus aureus,validate1,Staphylococcus phage SA5,Viruses,Uroviricota,Caudoviricetes,Caudovirales,Herelleviridae,Kayvirus,Staphylococcus virus G1,Bacteria,Firmicutes,Bacilli,Bacillales,Staphylococcaceae,Staphylococcus,Staphylococcus aureus
KF831354,Staphylococcus phage phiBU01,Staphylococcus aureus,validate1,Staphylococcus phage phiBU01,Viruses,Uroviricota,Caudoviricetes,Caudovirales,Siphoviridae,Biseptimavirus,Staphylococcus phage phiBU01,Bacteria,Firmicutes,Bacilli,Bacillales,Staphylococcaceae,Staphylococcus,Staphylococcus aureus
KJ596420,Staphylococcus phage phiSa119,Staphylococcus aureus,validate1,Staphylococcus phage phiSa119,Viruses,Uroviricota,Caudoviricetes,Caudovirales,Siphoviridae,Biseptimavirus,Staphylococcus phage phiSa119,Bacteria,Firmicutes,Bacilli,Bacillales,Staphylococcaceae,Staphylococcus,Staphylococcus aureus
NC_009526,Staphylococcus phage 80alpha,Staphylococcus aureus,validate1,Staphylococcus virus 80alpha,Viruses,Uroviricota,Caudoviricetes,Caudovirales,Siphoviridae,Phietavirus,Staphylococcus virus 80alpha,Bacteria,Firmicutes,Bacilli,Bacillales,Staphylococcaceae,Staphylococcus,Staphylococcus aureus
NC_020877,Staphylococcus phage vB_SauM_Romulus,Staphylococcus aureus,validate1,Staphylococcus phage vB_SauM_Romulus,Viruses,Uroviricota,Caudoviricetes,Caudovirales,Herelleviridae,Silviavirus,Staphylococcus virus Remus,Bacteria,Firmicutes,Bacilli,Bacillales,Staphylococcaceae,Staphylococcus,Staphylococcus aureus
NC_022090,Staphylococcus phage vB_SauM_Remus,Staphylococcus aureus,validate1,Staphylococcus phage vB_SauM_Remus,Viruses,Uroviricota,Caudoviricetes,Caudovirales,Herelleviridae,Silviavirus,Staphylococcus virus Remus,Bacteria,Firmicutes,Bacilli,Bacillales,Staphylococcaceae,Staphylococcus,Staphylococcus aureus
NC_023550,Staphylococcus phage GRCS,Staphylococcus aureus,validate1,Staphylococcus phage GRCS,Viruses,Uroviricota,Caudoviricetes,Caudovirales,Podoviridae,Rosenblumvirus,Staphylococcus virus GRCS,Bacteria,Firmicutes,Bacilli,Bacillales,Staphylococcaceae,Staphylococcus,Staphylococcus aureus
AF424781,Staphylococcus phage 11,Staphylococcus aureus strain 8325,validate2,Staphylococcus virus 11,Viruses,Uroviricota,Caudoviricetes,Caudovirales,Siphoviridae,Phietavirus,Staphylococcus virus 11,Bacteria,Firmicutes,Bacilli,Bacillales,Staphylococcaceae,Staphylococcus,Staphylococcus aureus
AF424782,Staphylococcus phage phi 12,Staphylococcus aureus strain 8325,validate2,Staphylococcus virus phi12,Viruses,Uroviricota,Caudoviricetes,Caudovirales,Siphoviridae,Triavirus,Staphylococcus virus phi12,Bacteria,Firmicutes,Bacilli,Bacillales,Staphylococcaceae,Staphylococcus,Staphylococcus aureus
AF424783,Staphylococcus phage phi13,Staphylococcus aureus strain 8325,validate2,Staphylococcus virus 13,Viruses,Uroviricota,Caudoviricetes,Caudovirales,Siphoviridae,Biseptimavirus,Staphylococcus virus 13,Bacteria,Firmicutes,Bacilli,Bacillales,Staphylococcaceae,Staphylococcus,Staphylococcus aureus
FJ713816,Staphylococcus phage phiPVL-CN125,Staphylococcus aureus CN125,validate2,Staphylococcus phage phiPVL-CN125,Viruses,Uroviricota,Caudoviricetes,Caudovirales,Siphoviridae,Biseptimavirus,Staphylococcus phage phiPVL-CN125,Bacteria,Firmicutes,Bacilli,Bacillales,Staphylococcaceae,Staphylococcus,Staphylococcus aureus
JX846612,Staphylococcus phage vB_SauM_Remus,Staphylococcus aureus (phage propagation strain 47),validate2,Staphylococcus phage vB_SauM_Remus,Viruses,Uroviricota,Caudoviricetes,Caudovirales,Herelleviridae,Silviavirus,Staphylococcus virus Remus,Bacteria,Firmicutes,Bacilli,Bacillales,Staphylococcaceae,Staphylococcus,Staphylococcus aureus
JX846613,Staphylococcus phage vB_SauM_Romulus,Staphylococcus aureus (phage propagation strain 47),validate2,Staphylococcus phage vB_SauM_Romulus,Viruses,Uroviricota,Caudoviricetes,Caudovirales,Herelleviridae,Silviavirus,Staphylococcus virus Remus,Bacteria,Firmicutes,Bacilli,Bacillales,Staphylococcaceae,Staphylococcus,Staphylococcus aureus
KJ888149,Staphylococcus phage MCE-2014,Staphylococcus aureus BCP88,validate2,Staphylococcus phage MCE-2014,Viruses,Uroviricota,Caudoviricetes,Caudovirales,Herelleviridae,Kayvirus,Staphylococcus virus MCE2014,Bacteria,Firmicutes,Bacilli,Bacillales,Staphylococcaceae,Staphylococcus,Staphylococcus aureus
KM216423,Staphylococcus phage P108,Staphylococcus aureus XN108,validate2,Staphylococcus phage P108,Viruses,Uroviricota,Caudoviricetes,Caudovirales,Herelleviridae,Kayvirus,Staphylococcus virus P108,Bacteria,Firmicutes,Bacilli,Bacillales,Staphylococcaceae,Staphylococcus,Staphylococcus aureus
KJ210330,Staphylococcus phage GRCS,Staphylococcus aureus NRS382,validate2,Staphylococcus phage GRCS,Viruses,Uroviricota,Caudoviricetes,Caudovirales,Podoviridae,Rosenblumvirus,Staphylococcus virus GRCS,Bacteria,Firmicutes,Bacilli,Bacillales,Staphylococcaceae,Staphylococcus,Staphylococcus aureus
AB626962,Staphylococcus phage S24-1,Staphylococcus aureus strain SA27,validate2,Staphylococcus phage S24-1,Viruses,Uroviricota,Caudoviricetes,Caudovirales,Podoviridae,Rosenblumvirus,Staphylococcus virus S24-1,Bacteria,Firmicutes,Bacilli,Bacillales,Staphylococcaceae,Staphylococcus,Staphylococcus aureus
JX013863,Staphylococcus phage StauST398-1,Staphylococcus aureus 100,validate2,Staphylococcus phage StauST398-1,Viruses,Uroviricota,Caudoviricetes,Caudovirales,Siphoviridae,Phietavirus,Staphylococcus phage StauST398-1,Bacteria,Firmicutes,Bacilli,Bacillales,Staphylococcaceae,Staphylococcus,Staphylococcus aureus
KC677663,Staphylococcus phage SA12,Staphylococcus aureus ATCC 29213,validate2,Staphylococcus phage SA12,Viruses,Uroviricota,Caudoviricetes,Caudovirales,Siphoviridae,Phietavirus,Staphylococcus phage SA12,Bacteria,Firmicutes,Bacilli,Bacillales,Staphylococcaceae,Staphylococcus,Staphylococcus aureus
AB009866,Staphylococcus phage PVL,Staphylococcus aureus ATCC 49775,validate2,Staphylococcus phage PVL,Viruses,Uroviricota,Caudoviricetes,Caudovirales,Siphoviridae,Biseptimavirus,Staphylococcus phage PVL,Bacteria,Firmicutes,Bacilli,Bacillales,Staphylococcaceae,Staphylococcus,Staphylococcus aureus
AP001553,Staphylococcus phage phiETA,Staphylococcus aureus E-1,validate2,Staphylococcus virus phiETA,Viruses,Uroviricota,Caudoviricetes,Caudovirales,Siphoviridae,Phietavirus,Staphylococcus virus phiETA,Bacteria,Firmicutes,Bacilli,Bacillales,Staphylococcaceae,Staphylococcus,Staphylococcus aureus
KC342645,Staphylococcus phage JS01,Staphylococcus aureus JS201101,validate2,Staphylococcus phage JS01,Viruses,Uroviricota,Caudoviricetes,Caudovirales,Siphoviridae,Biseptimavirus,Staphylococcus phage JS01,Bacteria,Firmicutes,Bacilli,Bacillales,Staphylococcaceae,Staphylococcus,Staphylococcus aureus
DQ517338,Staphylococcus phage 80alpha,Staphylococcus aureus RN10359,validate2,Staphylococcus virus 80alpha,Viruses,Uroviricota,Caudoviricetes,Caudovirales,Siphoviridae,Phietavirus,Staphylococcus virus 80alpha,Bacteria,Firmicutes,Bacilli,Bacillales,Staphylococcaceae,Staphylococcus,Staphylococcus aureus
AY954948,Staphylococcus phage PT1028,Staphylococcus aureus,validate2,Staphylococcus phage PT1028,Viruses,,,,,,Staphylococcus phage PT1028,Bacteria,Firmicutes,Bacilli,Bacillales,Staphylococcaceae,Staphylococcus,Staphylococcus aureus
AP009363,Staphylococcus phage phi2958PVL,Staphylococcus aureus,validate2,Staphylococcus phage phi2958PVL,Viruses,Uroviricota,Caudoviricetes,Caudovirales,Siphoviridae,Triavirus,Staphylococcus phage phi2958PVL,Bacteria,Firmicutes,Bacilli,Bacillales,Staphylococcaceae,Staphylococcus,Staphylococcus aureus
JX194239,Staphylococcus phage SA11,Staphylococcus aureus,validate2,Staphylococcus virus SA11,Viruses,Uroviricota,Caudoviricetes,Caudovirales,Herelleviridae,Silviavirus,Staphylococcus virus SA11,Bacteria,Firmicutes,Bacilli,Bacillales,Staphylococcaceae,Staphylococcus,Staphylococcus aureus
KF766114,Staphylococcus phage K,Staphylococcus aureus,validate2,Staphylococcus virus K,Viruses,Uroviricota,Caudoviricetes,Caudovirales,Herelleviridae,Kayvirus,Staphylococcus virus K,Bacteria,Firmicutes,Bacilli,Bacillales,Staphylococcaceae,Staphylococcus,Staphylococcus aureus
JQ686190,Staphylococcus phage GH15,Staphylococcus aureus,validate2,Staphylococcus phage GH15,Viruses,Uroviricota,Caudoviricetes,Caudovirales,Herelleviridae,Kayvirus,Staphylococcus virus G15,Bacteria,Firmicutes,Bacilli,Bacillales,Staphylococcaceae,Staphylococcus,Staphylococcus aureus
HQ163896,Staphylococcus phage Sb-1,Staphylococcus aureus,validate2,Staphylococcus phage Sb-1,Viruses,Uroviricota,Caudoviricetes,Caudovirales,Herelleviridae,Kayvirus,Staphylococcus virus Sb1,Bacteria,Firmicutes,Bacilli,Bacillales,Staphylococcaceae,Staphylococcus,Staphylococcus aureus
JX878671,Staphylococcus phage JD007,Staphylococcus aureus,validate2,Staphylococcus phage JD007,Viruses,Uroviricota,Caudoviricetes,Caudovirales,Herelleviridae,Kayvirus,Staphylococcus virus JD7,Bacteria,Firmicutes,Bacilli,Bacillales,Staphylococcaceae,Staphylococcus,Staphylococcus aureus
AB903967,Staphylococcus phage phiSA012,Staphylococcus aureus,validate2,Staphylococcus phage phiSA12,Viruses,Uroviricota,Caudoviricetes,Caudovirales,Herelleviridae,Kayvirus,Staphylococcus virus SA12,Bacteria,Firmicutes,Bacilli,Bacillales,Staphylococcaceae,Staphylococcus,Staphylococcus aureus
EU136189,Staphylococcus phage SAP-2,Staphylococcus aureus,validate2,Staphylococcus phage SAP-2,Viruses,Uroviricota,Caudoviricetes,Caudovirales,Podoviridae,Rosenblumvirus,Staphylococcus virus SAP2,Bacteria,Firmicutes,Bacilli,Bacillales,Staphylococcaceae,Staphylococcus,Staphylococcus aureus
AB044554,Staphylococcus prophage phiPV83,Staphylococcus aureus,validate2,Staphylococcus prophage phiPV83,Viruses,Uroviricota,Caudoviricetes,Caudovirales,Siphoviridae,Biseptimavirus,Staphylococcus prophage phiPV83,Bacteria,Firmicutes,Bacilli,Bacillales,Staphylococcaceae,Staphylococcus,Staphylococcus aureus
AP008953,Staphylococcus phage phiETA2,Staphylococcus aureus,validate2,Staphylococcus virus phiETA2,Viruses,Uroviricota,Caudoviricetes,Caudovirales,Siphoviridae,Phietavirus,Staphylococcus virus phiETA2,Bacteria,Firmicutes,Bacilli,Bacillales,Staphylococcaceae,Staphylococcus,Staphylococcus aureus
AP008954,Staphylococcus phage phiETA3,Staphylococcus aureus,validate2,Staphylococcus virus phiETA3,Viruses,Uroviricota,Caudoviricetes,Caudovirales,Siphoviridae,Phietavirus,Staphylococcus virus phiETA3,Bacteria,Firmicutes,Bacilli,Bacillales,Staphylococcaceae,Staphylococcus,Staphylococcus aureus
AB370268,Staphylococcus phage phiMR11,Staphylococcus aureus,validate2,Staphylococcus virus phiMR11,Viruses,Uroviricota,Caudoviricetes,Caudovirales,Siphoviridae,Phietavirus,Staphylococcus virus phiMR11,Bacteria,Firmicutes,Bacilli,Bacillales,Staphylococcaceae,Staphylococcus,Staphylococcus aureus
AB370205,Staphylococcus phage phiMR25,Staphylococcus aureus,validate2,Staphylococcus virus phiMR25,Viruses,Uroviricota,Caudoviricetes,Caudovirales,Siphoviridae,Phietavirus,Staphylococcus virus phiMR25,Bacteria,Firmicutes,Bacilli,Bacillales,Staphylococcaceae,Staphylococcus,Staphylococcus aureus
EU861004,Staphylococcus phage phiSauS-IPLA88,Staphylococcus aureus,validate2,Staphylococcus virus IPLA88,Viruses,Uroviricota,Caudoviricetes,Caudovirales,Siphoviridae,Phietavirus,Staphylococcus virus IPLA88,Bacteria,Firmicutes,Bacilli,Bacillales,Staphylococcaceae,Staphylococcus,Staphylococcus aureus
EU861005,Staphylococcus phage phiSauS-IPLA35,Staphylococcus aureus,validate2,Staphylococcus virus IPLA35,Viruses,Uroviricota,Caudoviricetes,Caudovirales,Siphoviridae,Triavirus,Staphylococcus virus IPLA35,Bacteria,Firmicutes,Bacilli,Bacillales,Staphylococcaceae,Staphylococcus,Staphylococcus aureus
GQ398772,Staphylococcus phage P954,Staphylococcus aureus,validate2,Staphylococcus phage P954,Viruses,Uroviricota,Caudoviricetes,Caudovirales,Siphoviridae,Biseptimavirus,Staphylococcus phage P954,Bacteria,Firmicutes,Bacilli,Bacillales,Staphylococcaceae,Staphylococcus,Staphylococcus aureus
GU477322,Staphylococcus phage SAP-26,Staphylococcus aureus,validate2,Staphylococcus virus SAP26,Viruses,Uroviricota,Caudoviricetes,Caudovirales,Siphoviridae,Phietavirus,Staphylococcus virus SAP26,Bacteria,Firmicutes,Bacilli,Bacillales,Staphylococcaceae,Staphylococcus,Staphylococcus aureus
JQ779023,Staphylococcus phage SMSAP5,Staphylococcus aureus,validate2,Staphylococcus phage SMSAP5,Viruses,Uroviricota,Caudoviricetes,Caudovirales,Siphoviridae,Triavirus,Staphylococcus phage SMSAP5,Bacteria,Firmicutes,Bacilli,Bacillales,Staphylococcaceae,Staphylococcus,Staphylococcus aureus
JQ779024,Staphylococcus phage TEM123,Staphylococcus aureus,validate2,Staphylococcus phage TEM123,Viruses,Uroviricota,Caudoviricetes,Caudovirales,Siphoviridae,Phietavirus,Staphylococcus phage TEM123,Bacteria,Firmicutes,Bacilli,Bacillales,Staphylococcaceae,Staphylococcus,Staphylococcus aureus
JX094501,Staphylococcus phage SA13,Staphylococcus aureus,validate2,Staphylococcus phage SA13,Viruses,Uroviricota,Caudoviricetes,Caudovirales,Siphoviridae,Phietavirus,Staphylococcus phage SA13,Bacteria,Firmicutes,Bacilli,Bacillales,Staphylococcaceae,Staphylococcus,Staphylococcus aureus
JQ957932,Staphylococcus phage StauST398-2,Staphylococcus aureus,validate2,Staphylococcus phage StauST398-2,Viruses,Uroviricota,Caudoviricetes,Caudovirales,Siphoviridae,Triavirus,Staphylococcus phage StauST398-2,Bacteria,Firmicutes,Bacilli,Bacillales,Staphylococcaceae,Staphylococcus,Staphylococcus aureus
KC595278,Staphylococcus phage StauST398-4,Staphylococcus aureus,validate2,Staphylococcus phage StauST398-4,Viruses,Uroviricota,Caudoviricetes,Caudovirales,Siphoviridae,Biseptimavirus,Staphylococcus phage StauST398-4,Bacteria,Firmicutes,Bacilli,Bacillales,Staphylococcaceae,Staphylococcus,Staphylococcus aureus
KC595279,Staphylococcus phage StauST398-5,Staphylococcus aureus,validate2,Staphylococcus phage StauST398-5,Viruses,Uroviricota,Caudoviricetes,Caudovirales,Siphoviridae,Phietavirus,Staphylococcus phage StauST398-5,Bacteria,Firmicutes,Bacilli,Bacillales,Staphylococcaceae,Staphylococcus,Staphylococcus aureus
KJ140076,Staphylococcus phage DW2,Staphylococcus aureus,validate2,Staphylococcus phage DW2,Viruses,Uroviricota,Caudoviricetes,Caudovirales,Siphoviridae,Phietavirus,Staphylococcus phage DW2,Bacteria,Firmicutes,Bacilli,Bacillales,Staphylococcaceae,Staphylococcus,Staphylococcus aureus
